index,Name0,Hue,Sat,Lum
16724940,pink,315.0,100.0,60.0
16773339,brown,35.0,100.0,92.9
13320459,red,17.0,89.7,42.0
11007026,green,84.0,89.8,57.6
9994619,grey,12.0,12.3,53.9
10226951,red,2.0,91.4,32.0
8983622,purple,334.0,74.5,30.8
2690565,black,15.0,78.3,9.0
5847591,brown,22.0,39.1,25.1
2306151,blue,229.0,49.3,27.1
205,blue,240.0,100.0,40.2
10985099,grey,41.0,13.7,60.0
16738047,purple,300.0,100.0,70.0
13942507,purple,291.0,52.9,83.3
12232897,grey,283.0,16.8,70.8
14544064,grey,80.0,53.7,83.9
15731620,pink,320.0,91.2,49.2
10300194,brown,4.0,64.4,37.5
9321049,purple,338.0,42.0,39.2
16279375,orange,8.0,92.3,64.1
2111544,grey,180.0,27.3,17.3
11509385,brown,33.0,19.2,61.2
14280272,green,65.0,75.0,60.8
16038911,purple,294.0,100.0,86.7
13408767,purple,270.0,100.0,80.0
29647,blue,207.0,100.0,40.6
14745599,cyan,180.0,100.0,93.9
11259375,blue,210.0,68.0,80.4
14474460,grey,0.0,0.0,86.3
10616941,pink,320.0,100.0,31.8
15489024,orange,22.0,100.0,46.3
11175734,brown,41.0,51.8,43.9
16740351,pink,300.0,100.0,71.8
16643834,white,326.0,63.6,97.8
16315647,white,261.0,100.0,97.8
15225749,pink,333.0,76.4,61.8
11226706,brown,357.0,37.3,48.8
583902,cyan,177.0,93.3,47.1
15081504,red,0.0,79.8,51.4
13579382,pink,334.0,61.8,50.8
8782097,red,353.0,98.5,26.5
9425920,green,80.0,100.0,41.6
8421376,grey,60.0,100.0,25.1
20376,blue,209.0,100.0,29.8
15744367,pink,343.0,85.6,59.0
1776411,black,0.0,0.0,10.6
9895680,green,84.0,100.0,50.0
14997871,yellow,54.0,68.4,66.5
1789246,green,162.0,48.1,20.4
13697052,red,351.0,100.0,41.0
16730476,pink,348.0,100.0,64.3
7549824,purple,290.0,43.0,35.1
4141370,grey,321.0,12.5,22.0
3846302,green,171.0,50.4,45.9
15499860,brown,18.0,80.0,62.7
6964013,brown,21.0,40.4,29.6
16768463,pink,18.0,100.0,90.6
5594448,grey,97.0,7.5,33.9
7453816,green,125.0,35.9,59.0
12964070,blue,220.0,39.8,83.7
26367,blue,216.0,100.0,50.0
16570647,yellow,51.0,97.4,53.9
7162970,grey,335.0,17.8,36.3
4075396,purple,251.0,47.5,35.1
65407,green,150.0,100.0,50.0
14879580,red,338.0,90.8,46.7
1661189,green,106.0,89.4,18.4
10752787,red,0.0,79.2,35.9
10810617,cyan,183.0,87.6,81.0
12288321,brown,31.0,48.4,49.4
13989941,brown,25.0,65.6,52.2
14996528,yellow,55.0,76.9,54.1
13697110,red,335.0,100.0,41.0
11344962,red,344.0,72.1,39.4
8241730,green,92.0,51.2,51.0
5393194,grey,49.0,32.3,24.3
14856508,yellow,42.0,74.1,56.1
16535983,pink,327.0,96.6,65.3
16754021,orange,24.0,100.0,69.8
15658249,yellow,60.0,92.7,48.4
1726360,blue,211.0,70.8,34.9
3487801,black,195.0,3.6,21.6
14561635,pink,343.0,72.4,53.1
14254773,purple,325.0,53.4,68.0
16594322,pink,334.0,98.0,60.0
16733603,pink,332.0,100.0,66.7
16750848,orange,36.0,100.0,50.0
50637,cyan,182.0,100.0,40.2
13872951,yellow,46.0,63.9,52.2
11525109,blue,202.0,77.8,82.4
16711824,pink,326.0,100.0,50.0
9791078,brown,0.0,18.7,49.2
16240057,pink,19.0,79.5,84.7
14506641,pink,335.0,65.8,61.0
11766637,brown,26.0,31.5,56.5
16692401,pink,2.0,97.5,84.5
11423635,purple,317.0,37.5,49.6
16738657,red,3.0,100.0,69.0
23449,blue,204.0,100.0,30.0
12027047,purple,319.0,26.2,61.8
5671037,green,167.0,22.5,43.5
7894939,grey,241.0,15.3,53.7
14123903,brown,3.0,52.4,67.1
9544624,grey,205.0,16.4,62.9
11230317,brown,347.0,32.0,51.6
16711162,brown,45.0,66.7,98.8
12956504,yellow,50.0,48.4,55.9
1270279,green,112.0,86.7,20.6
8329012,purple,343.0,69.3,29.4
8814134,grey,54.0,42.6,36.9
7183299,blue,208.0,41.7,59.6
8881793,grey,50.0,2.4,51.8
8407552,brown,34.0,100.0,25.1
11674146,red,0.0,67.9,41.6
9083483,green,222.0,25.7,48.0
7483191,brown,353.0,41.6,31.6
4620991,blue,210.0,48.6,51.2
948749,green,119.0,80.7,26.5
1842416,blue,240.0,87.6,52.5
5677267,blue,204.0,58.7,58.2
16754225,orange,34.0,100.0,59.6
13421823,purple,240.0,100.0,90.0
16744192,orange,30.0,100.0,50.0
9109759,purple,273.0,100.0,50.0
15908301,pink,342.0,67.1,84.5
6130344,blue,204.0,30.1,51.2
11965888,purple,286.0,25.4,66.9
12357519,brown,0.0,25.1,64.9
16776187,white,0.0,100.0,99.2
5046581,purple,319.0,97.4,15.3
3427670,blue,195.0,24.6,27.1
16580516,yellow,62.0,100.0,82.2
16962,black,180.0,100.0,12.9
3100495,grey,180.0,25.4,24.7
15446231,pink,320.0,59.6,80.6
8608163,purple,274.0,29.4,49.4
4227492,blue,201.0,43.9,44.7
4475960,grey,84.0,15.2,25.9
28856,blue,203.0,100.0,36.1
15187124,brown,9.0,51.5,80.6
16645888,yellow,60.0,100.0,50.0
5458767,grey,330.0,5.1,31.0
16438949,brown,35.0,89.5,81.4
12881513,brown,24.0,43.5,59.0
4273704,grey,33.0,23.8,20.6
8656407,red,360.0,71.4,30.2
5466261,blue,220.0,28.4,45.5
13848118,brown,9.0,64.1,52.0
14976000,brown,35.0,100.0,44.7
15702969,pink,339.0,72.4,77.3
12292945,brown,37.0,43.8,52.5
11565369,brown,32.0,51.1,45.7
16768500,pink,18.0,100.0,93.3
11802752,pink,320.0,76.5,40.0
10485631,green,105.0,100.0,74.9
16728128,red,0.0,100.0,62.5
16645526,yellow,60.0,96.3,79.0
11225938,brown,356.0,39.0,48.2
7947323,brown,9.0,34.4,35.3
10027161,purple,300.0,100.0,30.0
14627818,purple,292.0,81.3,55.9
1911121,blue,226.0,47.3,21.6
16770273,white,6.0,100.0,94.1
11953874,purple,284.0,54.5,61.2
12375270,blue,206.0,45.7,82.0
14293124,pink,327.0,80.2,47.5
12341813,brown,13.0,56.0,47.3
16300152,brown,30.0,90.1,72.2
8782255,purple,286.0,98.9,34.5
14296647,red,349.0,70.9,50.2
16757248,orange,42.0,100.0,50.0
13209,blue,220.0,100.0,30.0
8405056,brown,0.0,33.3,37.6
7241600,grey,183.0,7.6,46.7
3114108,cyan,174.0,47.5,35.1
1512466,black,24.0,12.2,8.0
16427333,brown,33.0,94.8,62.5
15726506,green,66.0,82.8,81.8
15524550,grey,44.0,50.0,85.1
13882323,grey,0.0,0.0,82.7
52275,green,135.0,100.0,40.0
5070163,grey,143.0,9.4,33.3
12431,blue,220.0,100.0,28.0
3483941,black,15.0,17.8,17.6
16383971,white,72.0,100.0,94.5
3621425,grey,98.0,14.8,22.5
10031513,purple,300.0,80.0,33.3
14940552,green,72.0,90.4,75.5
4251856,cyan,174.0,72.1,56.5
4734347,blue,248.0,39.0,39.2
14313487,orange,26.0,87.1,45.7
8776325,green,120.0,70.6,72.0
8764261,green,97.0,38.7,56.5
16758741,pink,335.0,100.0,85.9
16742400,orange,28.0,100.0,50.0
13421772,grey,0.0,0.0,80.0
16711720,pink,350.0,100.0,50.0
6491919,brown,0.0,73.7,22.4
11725917,green,79.0,79.0,64.5
3282765,purple,270.0,54.0,19.6
16711759,red,341.0,100.0,50.0
12281128,brown,24.0,64.8,44.5
16725251,red,11.0,100.0,50.6
413248,green,168.0,85.7,16.5
4369886,blue,199.0,70.3,56.5
8864014,brown,18.0,81.2,29.2
14840411,brown,10.0,69.9,62.2
7937272,purple,265.0,94.0,54.1
3035280,blue,219.0,51.6,37.3
15023427,pink,358.0,76.4,56.9
287495,green,121.0,92.2,20.2
16107290,yellow,47.0,91.6,53.1
10845184,brown,46.0,100.0,32.4
10835856,purple,316.0,31.0,49.4
4610373,grey,116.0,12.7,31.0
14942223,red,356.0,100.0,44.7
1051656,black,30.0,33.3,4.7
6856880,blue,193.0,31.3,54.9
16728576,red,15.0,100.0,50.0
14105406,orange,358.0,66.1,53.7
16162956,orange,11.0,85.5,75.7
6896497,purple,291.0,31.4,33.7
16759118,brown,36.0,100.0,65.3
6050894,grey,25.0,8.2,33.3
4991106,purple,264.0,52.9,33.3
3897441,green,157.0,34.1,35.1
9075037,grey,37.0,19.5,45.3
2598464,green,137.0,62.0,40.2
16172760,pink,338.0,72.7,87.1
12615809,brown,359.0,33.7,62.7
5466232,grey,206.0,18.2,39.8
16104735,yellow,44.0,91.5,54.1
13320532,red,352.0,57.0,52.5
12224345,brown,28.0,41.3,53.9
14524637,purple,300.0,47.3,74.7
4966351,cyan,183.0,57.9,55.3
1849787,blue,229.0,74.0,42.2
10052475,purple,333.0,21.4,49.4
15899831,pink,341.0,76.8,78.0
12627,blue,205.0,100.0,16.3
6741418,green,160.0,63.6,63.3
11737883,red,0.0,73.8,40.4
14256808,pink,337.0,51.0,69.6
1438958,blue,178.0,91.0,52.0
8538933,brown,17.0,42.1,35.9
1280008,green,115.0,88.9,28.2
16752384,orange,37.0,100.0,50.0
12733586,pink,324.0,49.2,52.9
15592160,grey,50.0,26.5,90.4
43115,green,158.0,100.0,32.9
10499186,purple,326.0,50.9,41.6
16666330,pink,312.0,98.9,65.1
16741120,orange,27.0,100.0,50.0
15921382,grey,50.0,31.6,92.5
15461616,grey,227.0,14.3,93.1
16757376,orange,24.0,100.0,75.1
12777266,green,76.0,92.5,58.2
9143936,grey,33.0,4.5,52.4
5592405,grey,0.0,0.0,33.3
16738740,pink,330.0,100.0,70.6
6684741,purple,319.0,100.0,20.0
8388564,cyan,160.0,100.0,74.9
107368,green,158.0,98.8,32.2
34749,blue,197.0,100.0,37.1
5578543,purple,342.0,46.6,22.7
11546720,pink,338.0,57.1,43.9
8749529,purple,243.0,53.7,67.8
5272231,blue,217.0,35.2,48.4
65344,green,135.0,100.0,50.0
16557172,orange,21.0,95.8,72.2
13466112,brown,35.0,100.0,40.2
11849683,green,188.0,26.1,76.7
3879708,grey,44.0,35.6,17.1
16309596,yellow,50.0,91.8,66.7
10431336,purple,328.0,57.4,39.6
2564639,black,22.0,11.4,13.7
16764107,pink,1.0,100.0,89.8
4225618,green,138.0,31.2,36.5
12613542,purple,324.0,36.7,61.0
11763354,purple,328.0,25.9,59.8
1193252,black,151.0,49.3,13.9
16566713,pink,14.0,91.8,85.7
16449665,pink,329.0,100.0,49.2
16508850,brown,50.0,90.1,84.1
16769333,yellow,51.0,100.0,60.4
16767744,yellow,52.0,100.0,50.0
7555602,brown,35.0,72.9,26.1
15183055,pink,324.0,55.1,79.0
3477063,purple,272.0,67.1,16.7
13595055,pink,320.0,49.5,62.7
12313185,green,78.0,69.0,63.3
14119074,pink,331.0,56.3,64.1
5522540,grey,264.0,22.7,34.5
14322279,brown,18.0,60.8,62.9
9887441,cyan,169.0,52.2,72.9
16404347,pink,345.0,94.5,64.5
13238245,cyan,151.0,100.0,89.4
16744703,pink,300.0,100.0,75.1
15032356,orange,18.0,78.8,52.0
16519104,pink,315.0,97.5,52.4
16742144,orange,28.0,100.0,50.0
15919319,grey,38.0,50.9,89.6
9650999,brown,7.0,45.5,39.6
1139892,blue,209.0,82.7,38.6
43127,green,163.0,100.0,32.9
7550517,brown,0.0,36.9,32.9
12596780,red,4.0,62.7,46.3
13213916,purple,281.0,46.2,74.5
4008735,brown,24.0,32.6,18.0
12832230,blue,223.0,41.2,83.3
13568556,red,349.0,90.8,42.5
8074806,brown,0.0,39.0,34.7
16032864,brown,28.0,87.1,66.7
1712408,black,107.0,15.8,11.2
14956,blue,208.0,100.0,21.2
10040064,brown,20.0,100.0,30.0
3355545,blue,240.0,50.0,40.0
16737095,orange,9.0,100.0,63.9
15018880,pink,348.0,78.2,53.3
9579326,purple,350.0,54.5,37.1
16758302,orange,40.0,100.0,55.9
10506784,brown,19.0,66.7,37.6
12408220,pink,319.0,44.1,53.7
11946277,brown,14.0,66.2,42.9
4244853,green,138.0,53.4,51.2
16711807,pink,330.0,100.0,50.0
15523529,grey,36.0,47.9,85.7
12179947,blue,202.0,55.6,82.4
15885430,pink,352.0,84.5,67.1
8065299,purple,348.0,75.7,27.5
15286678,pink,329.0,79.2,58.4
10601738,green,72.0,90.3,40.6
14101869,pink,337.0,68.0,51.0
16731754,pink,351.0,100.0,65.3
10233154,purple,345.0,61.7,37.8
6001381,blue,216.0,72.6,62.7
16662884,pink,348.0,99.0,62.5
29371,blue,203.0,100.0,36.7
6619147,brown,353.0,100.0,19.8
16761320,pink,322.0,100.0,87.8
16751104,orange,36.0,100.0,50.0
8388352,green,90.0,100.0,50.0
11157609,pink,337.0,45.3,45.9
16083345,pink,342.0,87.5,68.6
16733296,pink,350.0,100.0,66.5
2963514,grey,189.0,12.6,20.2
10419512,green,89.0,98.0,60.6
15335387,green,97.0,100.0,92.9
15761536,red,0.0,78.9,72.2
13220155,grey,53.0,56.8,51.0
13818331,grey,193.0,11.1,84.1
10903166,purple,333.0,28.8,51.0
14588082,pink,338.0,51.5,73.3
13133056,brown,30.0,100.0,39.2
10192652,brown,51.0,85.6,32.7
2913791,blue,219.0,100.0,58.6
7544463,purple,285.0,65.3,33.9
7372944,grey,210.0,12.6,50.2
1647158,black,221.0,36.7,15.5
2725399,green,111.0,73.4,33.9
16736000,orange,22.0,100.0,50.0
12537681,brown,359.0,46.7,52.9
5530223,grey,209.0,13.8,38.2
15425827,orange,18.0,83.3,52.9
1032444,blue,195.0,97.5,52.4
15765392,pink,359.0,76.4,75.1
6047783,brown,37.0,40.5,25.7
9371903,purple,274.0,100.0,50.0
16114268,yellow,53.0,88.4,66.1
15702186,pink,348.0,73.1,76.7
3342438,purple,270.0,100.0,20.0
11671559,red,5.0,92.4,36.3
11030894,purple,340.0,34.9,48.8
16711884,pink,312.0,100.0,50.0
6268792,green,141.0,29.0,51.4
11583258,yellow,65.0,76.0,42.5
11331054,blue,188.0,66.0,80.4
9463378,grey,19.0,27.4,44.3
7562941,purple,249.0,39.7,57.1
4021570,grey,129.0,20.8,30.2
6518619,grey,102.0,13.3,41.2
13127835,purple,323.0,52.2,54.9
7500914,grey,120.0,0.9,45.1
5966481,purple,276.0,87.1,30.4
4697036,blue,195.0,56.6,53.9
8657709,red,350.0,66.0,31.2
8672828,brown,21.0,37.5,37.6
5017921,green,112.0,38.1,41.2
13265188,brown,25.0,69.7,46.7
16773077,brown,37.0,100.0,91.8
10259021,brown,46.0,33.9,45.7
11745919,purple,326.0,51.1,46.5
47083,cyan,196.0,100.0,46.1
16599296,red,17.0,100.0,49.6
10494192,purple,268.0,87.4,53.3
12186367,blue,191.0,100.0,86.3
35723,cyan,180.0,100.0,27.3
8914638,purple,279.0,94.3,41.6
14893620,red,5.0,75.8,54.7
15453142,grey,341.0,44.4,85.9
8716545,red,0.0,98.5,26.3
15670759,pink,302.0,86.8,52.5
13873533,brown,36.0,49.4,65.9
7761608,purple,246.0,45.0,60.8
8864287,brown,20.0,62.7,32.5
14473172,grey,22.0,10.3,84.7
16355439,brown,14.0,92.0,70.6
8350557,grey,24.0,15.5,43.1
8860256,purple,328.0,45.9,36.3
16131713,pink,333.0,92.0,55.7
8547160,brown,27.0,19.3,42.7
16739642,orange,15.0,100.0,61.4
16303071,pink,328.0,79.1,86.9
3247335,blue,210.0,79.1,54.9
10171675,brown,12.0,70.3,35.7
1401021,blue,213.0,80.0,41.2
7313728,green,88.0,41.0,42.5
8255999,cyan,183.0,100.0,74.5
16769522,pink,326.0,100.0,94.1
4756123,blue,186.0,36.6,44.5
7956600,grey,304.0,7.6,44.1
10798649,green,74.0,55.3,50.0
8613968,grey,38.0,24.2,41.4
16355909,orange,25.0,93.8,62.4
12398592,red,15.0,100.0,37.1
8388736,purple,300.0,100.0,25.1
14995466,yellow,54.0,91.6,46.7
11060156,grey,164.0,18.4,71.2
10179391,brown,13.0,42.2,42.7
13789470,brown,25.0,75.0,47.1
4784646,black,356.0,94.7,14.7
12670145,purple,300.0,46.8,54.3
15506,blue,215.0,100.0,28.6
16773611,white,18.0,100.0,96.1
43878,green,156.0,100.0,33.5
11321184,green,72.0,42.6,56.3
65280,green,120.0,100.0,50.0
14258264,brown,26.0,62.9,59.8
11374996,grey,354.0,14.6,62.4
13923476,pink,340.0,52.7,64.3
9924475,grey,342.0,16.1,51.4
5325056,brown,48.0,100.0,15.9
10552964,purple,311.0,92.8,32.7
8272405,brown,21.0,71.4,28.8
15922164,grey,210.0,8.3,95.3
6303595,purple,289.0,39.0,30.2
14688650,pink,327.0,75.5,50.4
6570263,brown,33.0,62.6,24.1
13172758,red,353.0,100.0,39.4
12165523,grey,22.0,21.3,65.1
10715259,grey,8.0,17.9,56.1
16629687,pink,7.0,94.6,85.5
6277567,cyan,174.0,49.5,58.0
957605,cyan,184.0,84.4,35.1
11894492,purple,275.0,57.3,67.8
12105300,grey,59.0,41.3,52.5
7679523,brown,8.0,53.9,29.8
4603698,grey,39.0,16.7,23.5
16656146,red,5.0,99.2,53.3
10771026,brown,6.0,33.3,48.2
9379105,red,357.0,66.3,33.7
15953986,orange,15.0,88.1,60.6
15130836,grey,39.0,26.5,86.7
2433825,black,30.0,5.7,13.7
12573908,green,163.0,29.3,80.6
41709,blue,198.0,100.0,46.5
16110566,pink,326.0,63.0,89.4
15715768,brown,23.0,63.2,82.9
5117449,black,11.0,79.3,17.1
16754706,orange,37.0,100.0,53.5
13467442,brown,30.0,60.8,50.0
15116503,purple,315.0,55.4,78.0
11707604,purple,262.0,35.8,73.7
32604,green,163.0,100.0,24.9
16776960,yellow,60.0,100.0,50.0
13410333,yellow,45.0,75.1,45.7
3498150,blue,217.0,51.6,42.9
6625812,brown,4.0,66.9,23.7
16747264,orange,32.0,100.0,50.0
15907401,yellow,40.0,86.7,61.8
14639396,orange,20.0,74.5,50.8
16771094,yellow,54.0,100.0,54.3
49151,blue,195.0,100.0,50.0
14570117,pink,338.0,68.0,59.6
9924250,purple,295.0,17.9,51.8
9881762,green,134.0,31.3,68.6
6822947,brown,354.0,57.6,25.9
12434391,grey,244.0,25.9,78.8
16767832,yellow,47.0,100.0,67.3
10834771,brown,0.0,33.1,48.6
13955577,blue,192.0,75.5,90.4
15438707,brown,16.0,75.0,68.6
835561,blue,191.0,90.2,48.0
15579853,pink,338.0,58.6,82.9
13158,blue,210.0,100.0,20.0
15743077,pink,345.0,86.0,58.0
14812716,red,350.0,94.8,45.5
16749829,orange,36.0,100.0,51.0
12297325,brown,42.0,36.4,58.0
245820,green,138.0,96.9,38.2
16716947,pink,328.0,100.0,53.9
10188371,brown,29.0,30.3,46.7
65535,cyan,180.0,100.0,50.0
6301726,brown,9.0,52.4,24.7
4436910,cyan,177.0,45.5,48.2
14012382,grey,264.0,18.5,84.1
2190294,blue,215.0,73.3,48.4
15990945,pink,320.0,100.0,47.8
12566766,blue,238.0,58.0,84.1
13382604,purple,300.0,60.0,50.0
10027110,purple,320.0,100.0,30.0
8741000,purple,296.0,17.2,45.5
1927548,blue,192.0,62.1,30.0
15126699,brown,37.0,54.1,78.6
6710937,grey,240.0,20.0,50.0
15299665,orange,13.8,77.6,61.6
4767633,green,157.0,48.2,51.6
15962025,pink,344.0,80.6,75.7
6762823,purple,336.0,35.5,29.8
9265292,purple,301.0,19.0,46.5
6737322,cyan,160.0,50.7,60.2
6787687,green,120.0,17.3,48.8
16752346,brown,323.0,100.0,81.0
13619140,grey,60.0,10.3,79.0
33407,green,178.0,100.0,25.5
1315860,black,0.0,0.0,7.8
2003199,blue,210.0,100.0,55.9
8595981,brown,15.0,81.9,28.2
10972111,purple,276.0,51.0,61.6
11582538,green,66.0,46.0,51.4
16713728,red,2.0,100.0,50.0
6992586,blue,195.0,47.5,60.4
13343177,purple,302.0,32.5,69.8
26533,blue,203.0,100.0,32.4
12195340,red,3.0,87.9,38.8
217238,blue,209.0,96.1,30.0
16767410,brown,30.0,100.0,84.9
15539236,red,358.0,85.3,52.0
16776656,yellow,57.0,100.0,90.8
12152010,purple,289.0,47.0,60.8
26004,blue,199.0,100.0,29.0
10540724,green,142.0,39.7,73.3
26317,blue,210.0,100.0,40.2
35719,green,178.0,100.0,27.3
2245558,blue,227.0,68.5,42.4
14483711,purple,292.0,100.0,50.0
15401020,red,345.0,100.0,46.1
16608414,pink,339.0,97.3,70.8
13053000,red,349.0,63.8,47.6
12359806,brown,47.0,31.6,61.6
12500670,grey,0.0,0.0,74.5
16701617,brown,30.0,97.5,84.5
15459572,purple,266.0,42.1,92.5
12885946,purple,316.0,23.9,69.6
11739444,red,352.0,68.9,41.6
6050376,grey,30.0,12.2,32.2
8167129,blue,218.0,55.0,66.9
18771,green,187.0,100.0,16.3
8913029,purple,300.0,100.0,26.7
2507592,blue,189.0,30.9,21.6
15521221,brown,25.0,50.6,84.9
15715328,yellow,51.0,100.0,46.9
703157,cyan,178.0,89.8,38.4
13046322,red,349.0,83.4,42.5
27214,green,164.0,100.0,20.8
255,blue,240.0,100.0,50.0
16772235,yellow,50.0,100.0,77.3
16578398,yellow,58.0,96.3,67.8
13369395,red,345.0,100.0,40.0
9978595,purple,272.0,74.2,57.5
15256791,grey,336.0,37.8,85.5
16050664,grey,5.0,35.3,93.3
8171681,green,163.0,24.8,58.8
9152695,grey,200.0,23.4,63.1
9535825,grey,45.0,28.3,44.3
16777184,white,60.0,100.0,93.9
16261759,pink,334.0,93.9,55.3
13836589,red,356.0,73.0,47.8
15210799,pink,354.0,81.8,50.4
16629250,yellow,46.0,98.4,50.0
10761309,pink,338.0,51.9,42.4
7048739,green,80.0,60.5,34.7
11319182,grey,76.0,22.2,63.7
6630849,purple,309.0,62.2,46.7
47611,blue,196.0,100.0,49.2
8815521,purple,246.0,13.8,57.3
3050327,green,146.0,50.3,36.3
13580836,red,7.0,70.4,47.6
13612347,yellow,49.0,60.7,52.2
13867979,purple,309.0,38.9,71.8
3421236,grey,0.0,0.0,20.4
14958949,red,347.0,75.1,57.5
11830165,purple,338.0,24.6,61.0
1607693,green,114.0,82.6,29.2
5082199,green,130.0,29.0,42.5
6591981,blue,219.0,79.2,66.1
11202769,cyan,153.0,70.0,80.4
14260384,pink,352.0,46.1,72.4
8144968,brown,0.0,26.5,38.4
16121850,white,150.0,100.0,98.0
2690142,purple,261.0,77.4,20.8
52428,cyan,180.0,100.0,40.0
13551855,purple,249.0,54.9,86.1
16441261,brown,39.0,88.5,82.9
10966955,purple,297.0,33.3,50.6
16538253,pink,341.0,96.4,67.1
7870538,purple,329.0,66.7,28.2
15215,blue,208.0,100.0,21.8
13541231,brown,30.0,49.2,62.2
5389109,brown,12.0,21.5,26.5
14596231,brown,34.0,56.9,70.0
13745832,brown,32.0,30.8,73.9
11247762,brown,217.0,13.0,62.2
15984043,yellow,48.0,75.0,81.2
6377070,grey,275.0,17.0,36.9
8270157,purple,338.0,44.0,34.3
16711680,red,0.0,100.0,50.0
10053120,brown,40.0,100.0,30.0
12918068,red,352.0,74.3,44.3
11112292,brown,37.0,28.6,52.7
8666971,purple,336.0,35.4,38.2
10140019,green,87.0,33.3,58.8
13648254,pink,334.0,60.3,53.5
12582656,green,75.0,100.0,50.0
11155290,pink,342.0,51.1,44.1
11411497,red,352.0,68.9,40.4
16746,blue,203.0,100.0,20.8
9859030,purple,262.0,55.7,63.7
14725375,purple,276.0,100.0,84.5
13938487,yellow,46.0,64.6,52.4
32769,green,120.0,100.0,25.1
16574595,yellow,50.0,95.3,75.1
11930662,red,350.0,87.6,38.0
10740717,blue,188.0,67.3,78.4
16753475,brown,31.0,100.0,63.1
13608100,brown,0.0,30.9,72.7
3937313,black,340.0,50.0,15.7
9158171,green,78.0,75.1,42.5
9388373,purple,345.0,37.5,40.8
8943811,purple,253.0,38.5,61.8
15942196,red,5.0,88.8,57.8
5065530,grey,53.0,14.1,26.5
9394236,brown,20.0,40.9,39.8
9461085,brown,0.0,21.5,46.5
6196273,green,90.0,48.1,37.1
6724044,blue,210.0,50.0,60.0
2300190,black,330.0,16.7,11.8
9215582,grey,76.0,25.4,49.4
14716220,brown,29.0,72.6,55.7
11226173,brown,8.0,47.4,45.5
15060169,grey,6.0,35.0,84.3
10311190,brown,28.0,75.4,35.1
16235389,brown,30.0,88.4,72.9
16196490,pink,330.0,93.0,55.3
12199,blue,223.0,100.0,32.7
39270,green,160.0,100.0,30.0
15429579,pink,315.0,75.6,67.8
13082564,purple,329.0,26.3,70.2
1579814,black,227.0,22.6,12.2
4017233,grey,195.0,14.1,27.8
9653649,purple,302.0,31.3,43.9
8353491,purple,246.0,51.4,64.5
15504748,brown,19.0,77.1,67.5
16760200,orange,27.0,100.0,76.7
10603249,blue,209.0,74.1,78.8
38552,cyan,181.0,100.0,29.8
16777164,white,60.0,100.0,90.0
7760256,grey,273.0,9.9,45.7
52377,green,165.0,100.0,40.0
14211288,grey,0.0,0.0,84.7
16595530,pink,355.0,98.0,61.0
16775885,yellow,54.0,100.0,90.2
38614,blue,197.0,100.0,42.0
14680064,red,0.0,100.0,43.9
6697881,purple,270.0,50.0,40.0
1845313,blue,221.0,39.8,18.2
16638960,pink,330.0,86.7,94.1
14239294,red,3.0,67.1,54.7
16729964,pink,348.0,100.0,63.9
7050082,green,108.0,20.0,48.0
8323327,purple,270.0,100.0,50.0
13389404,pink,353.0,55.3,55.3
3329330,green,120.0,60.8,50.0
16686340,orange,37.0,99.2,50.6
7483735,purple,325.0,39.9,32.0
10921638,grey,0.0,0.0,65.1
12399524,purple,311.0,57.5,47.1
16744272,orange,16.0,100.0,65.7
11571834,brown,26.0,25.5,58.4
15654242,yellow,53.0,80.5,65.9
12092939,brown,43.0,88.7,38.2
5842443,brown,0.0,78.0,19.6
8748117,grey,48.0,22.0,42.7
5274922,green,93.0,49.7,32.7
6711039,blue,240.0,100.0,70.0
15458783,grey,10.0,23.1,89.8
7630016,purple,246.0,40.0,58.8
5027749,green,169.0,42.6,50.8
16338176,orange,19.0,100.0,48.8
14919767,brown,35.0,71.4,61.6
1536581,green,150.0,66.4,26.9
7362723,purple,259.0,29.9,49.2
15240794,brown,21.0,75.5,63.1
16286585,pink,5.0,90.1,72.4
6226175,purple,262.0,100.0,50.0
1879160,green,158.0,72.0,39.2
11875209,pink,320.0,56.0,45.5
12712354,green,98.0,87.9,80.6
44355,green,143.0,100.0,33.9
16416882,pink,6.0,93.2,71.4
4276573,grey,240.0,17.7,31.0
13148872,purple,300.0,25.7,71.0
16596882,pink,334.0,97.9,62.0
9991379,purple,263.0,51.9,64.1
13000352,pink,322.0,47.7,57.3
10258381,purple,263.0,41.2,66.7
14045826,pink,338.0,61.7,58.0
12562354,grey,349.0,11.1,71.8
7845374,blue,212.0,98.5,73.1
4400170,brown,348.0,30.1,20.2
5918671,purple,245.0,57.1,56.1
8806542,purple,290.0,19.3,46.7
16773365,white,340.0,100.0,97.1
10865271,green,87.0,43.9,62.9
16756680,pink,341.0,100.0,84.3
16734976,orange,21.0,100.0,50.0
16737996,pink,320.0,100.0,70.0
16740471,pink,357.0,100.0,72.0
16738048,orange,24.0,100.0,50.0
4557510,blue,208.0,53.1,52.4
3297915,blue,213.0,42.2,33.9
4992807,grey,12.0,32.2,22.5
2533342,blue,197.0,73.6,51.0
5009949,green,86.0,59.4,28.0
16724889,pink,330.0,100.0,60.0
12009742,brown,18.0,85.8,38.6
15099761,pink,355.0,71.8,65.3
16551596,pink,343.0,94.8,77.3
2785280,green,100.0,100.0,25.1
10582295,brown,43.0,75.0,36.1
12098729,grey,332.0,16.5,66.7
12544309,brown,23.0,56.6,47.8
10255419,brown,35.0,45.1,42.2
14568586,pink,335.0,68.9,58.4
16777200,white,60.0,100.0,97.1
8388437,green,105.0,100.0,66.7
13304053,purple,290.0,100.0,48.0
282471,green,194.0,92.5,21.0
11907932,grey,59.0,37.6,53.5
12301431,grey,54.0,33.3,60.0
1985835,green,136.0,43.9,21.0
11049446,purple,252.0,60.6,75.1
2263842,green,120.0,60.7,33.9
6125259,blue,226.0,51.4,58.0
9830725,red,332.0,98.7,29.6
16316671,white,240.0,100.0,98.6
11406336,red,4.0,100.0,34.1
13565696,green,72.0,100.0,50.0
16757726,pink,326.0,100.0,85.1
26112,grey,120.0,100.0,20.0
13473141,brown,22.0,46.8,63.1
16300500,pink,334.0,81.8,84.9
16759296,yellow,44.0,100.0,50.0
16645378,yellow,60.0,98.4,50.0
4487566,blue,197.0,35.2,41.2
5208386,green,106.0,29.4,36.7
7461346,blue,185.0,66.1,66.5
11883657,purple,327.0,39.6,52.0
16612462,pink,5.0,97.3,71.2
14942332,pink,327.0,100.0,44.7
5187659,purple,306.0,32.8,23.3
6324918,blue,216.0,37.1,54.5
8992835,brown,352.0,42.0,37.8
9095,blue,224.0,100.0,26.5
891066,blue,192.0,86.9,39.0
15859772,red,345.0,100.0,47.5
16765488,yellow,47.0,100.0,59.4
32614,green,168.0,100.0,24.9
3569032,blue,194.0,43.2,37.3
13821251,green,67.0,75.7,58.0
10000536,grey,0.0,0.0,59.6
10359574,red,358.0,78.5,34.7
4484303,blue,223.0,59.1,53.9
12367244,grey,51.0,26.4,64.3
9991764,brown,39.0,28.8,46.3
3355494,blue,240.0,33.3,30.0
16213594,orange,4.0,90.8,66.1
16777151,yellow,60.0,100.0,87.5
14577569,pink,19.0,62.7,65.3
1189790,blue,231.0,79.5,34.5
38326,blue,191.0,100.0,35.7
5192252,grey,354.0,15.3,26.9
10824234,brown,0.0,59.4,40.6
14668511,grey,305.0,16.9,84.9
13458245,brown,10.0,57.6,53.7
7839435,blue,212.0,44.7,63.1
13109269,red,356.0,92.3,40.8
2832182,grey,175.0,12.2,19.2
15018832,red,348.0,78.2,53.3
14412276,blue,206.0,53.2,90.8
11580803,grey,66.0,25.3,61.2
16237966,brown,31.0,86.8,76.3
6767619,brown,38.0,94.3,20.8
9921626,brown,9.0,25.3,47.3
16669213,orange,16.0,99.1,55.5
3898880,green,92.0,100.0,24.7
5918580,grey,257.0,19.0,38.2
13468088,purple,317.0,43.2,65.5
4227693,green,161.0,34.0,38.0
14788959,brown,34.0,68.4,62.7
16628916,pink,6.0,94.8,84.9
8406552,brown,26.0,68.4,29.8
4873507,green,80.0,45.3,25.1
8871834,purple,280.0,23.7,48.8
16750899,orange,30.0,100.0,60.0
16719954,pink,347.0,100.0,56.3
10523780,grey,34.0,12.8,57.3
56797,cyan,180.0,100.0,43.3
11100722,brown,24.0,54.3,42.9
16488706,orange,36.0,98.4,49.6
12788040,red,346.0,71.1,44.7
18347,blue,215.0,100.0,33.5
14090304,pink,342.0,100.0,42.2
7237168,grey,60.0,39.2,31.0
16734065,pink,351.0,100.0,67.1
36864,green,120.0,100.0,28.2
27775,grey,188.0,100.0,24.9
8304383,blue,213.0,100.0,74.7
15054651,brown,43.0,76.6,56.5
16754377,pink,334.0,100.0,82.5
10637126,brown,5.0,39.7,45.5
15204365,red,356.0,100.0,45.5
4927629,purple,257.0,49.2,37.1
10910555,brown,26.0,29.6,50.4
16773120,yellow,56.0,100.0,50.0
16113331,brown,39.0,76.7,83.1
3748914,black,17.0,6.5,21.0
15229184,orange,25.0,100.0,45.5
526344,black,0.0,0.0,3.1
10378863,brown,344.0,25.4,49.4
15373209,pink,356.0,67.4,74.7
16106946,pink,4.0,71.8,86.1
7448274,blue,207.0,51.9,63.3
2178158,blue,219.0,53.8,28.0
13932747,purple,309.0,41.1,71.4
13384059,pink,333.0,59.0,51.2
3810363,purple,297.0,24.2,18.6
16763904,yellow,48.0,100.0,50.0
5466226,grey,199.0,15.7,38.6
8200577,purple,298.0,59.3,31.8
13135185,brown,14.0,52.0,55.1
11184589,grey,242.0,26.5,73.3
7746920,purple,312.0,38.0,33.5
12968836,green,79.0,62.9,70.4
9223894,blue,199.0,47.4,69.4
16220094,pink,329.0,88.2,73.3
8852816,pink,329.0,73.1,30.6
9699493,purple,294.0,100.0,32.4
9583617,brown,24.0,98.6,28.8
7233367,grey,20.0,11.7,38.6
13091327,purple,246.0,100.0,87.8
3940646,brown,348.0,29.0,18.2
40811,green,160.0,100.0,31.2
4541746,grey,77.0,21.3,24.9
15787660,grey,54.0,76.9,74.5
2571234,blue,233.0,76.3,52.0
16750950,orange,20.0,100.0,70.0
16731904,orange,19.0,100.0,50.0
16303096,pink,300.0,79.1,86.9
10747904,red,0.0,100.0,32.2
13229193,green,73.0,54.2,70.0
15177355,brown,7.0,65.7,72.5
12695219,grey,13.0,10.1,72.9
5385600,purple,266.0,48.0,33.9
11031431,purple,323.0,33.9,49.2
9287168,green,74.0,100.0,35.7
13329993,brown,13.0,55.6,54.1
13553522,grey,61.0,49.2,62.9
16093060,pink,5.0,85.0,73.9
16733440,orange,19.0,100.0,50.0
15720379,grey,42.0,61.9,83.5
3287354,grey,272.0,17.2,19.4
8611572,purple,252.0,86.6,67.8
16757575,brown,35.0,100.0,63.9
16601664,orange,5.0,97.9,62.2
15099745,red,3.0,72.7,64.1
14851141,brown,33.0,73.0,57.8
11155486,red,11.0,70.0,39.2
16775388,grey,48.0,100.0,93.1
11667761,red,346.0,90.4,36.7
10040166,purple,330.0,50.0,40.0
15450799,brown,19.0,60.0,80.4
10214911,blue,200.0,100.0,80.4
8339096,purple,283.0,42.1,42.0
404088,blue,221.0,90.5,24.7
16632845,yellow,47.0,98.4,52.2
15528517,yellow,62.0,86.9,61.0
7416093,brown,9.0,59.2,27.8
14920535,brown,36.0,71.4,61.6
7898731,grey,91.0,11.2,47.3
13468991,brown,30.0,58.7,52.5
16382206,white,250.0,75.0,98.4
15197423,grey,247.0,25.6,91.6
16168209,yellow,42.0,92.7,51.6
9044739,red,0.0,95.7,27.6
11141307,purple,294.0,100.0,36.7
16493408,orange,29.0,95.1,68.0
28080,blue,203.0,100.0,34.5
9211020,grey,0.0,0.0,54.9
8454271,purple,300.0,100.0,25.3
2826280,black,316.0,14.7,14.7
16759130,brown,34.0,100.0,67.6
8924439,brown,12.0,71.1,31.2
10086067,green,140.0,60.6,75.1
13808780,brown,34.0,43.8,68.6
8133637,brown,12.0,92.2,25.3
10933768,green,73.0,92.8,43.5
15160448,pink,342.0,75.4,61.8
11522250,cyan,169.0,26.0,75.1
11611007,pink,322.0,60.9,43.1
3757724,blue,222.0,46.5,41.8
8684674,grey,60.0,0.8,51.4
10253959,grey,333.0,16.1,53.7
10893945,purple,325.0,48.2,43.9
1182351,blue,244.0,86.9,30.0
11041901,brown,15.0,25.3,54.3
3945503,grey,43.0,31.9,17.8
16711823,pink,326.0,100.0,50.0
9721835,purple,265.0,78.7,63.1
3023131,black,18.0,26.0,14.3
28090,blue,203.0,100.0,36.5
7424690,purple,263.0,41.3,49.4
16307560,yellow,45.0,91.1,69.0
16711788,pink,334.0,100.0,50.0
16763812,orange,26.0,100.0,82.2
12824721,grey,37.0,29.4,66.7
13435915,red,357.0,96.2,41.0
6619270,purple,285.0,100.0,26.3
14932681,grey,39.0,31.7,83.9
8087790,purple,249.0,79.8,67.1
10007764,blue,212.0,41.1,71.4
16736311,orange,12.0,100.0,60.8
4613887,blue,230.0,100.0,63.7
9296332,cyan,170.0,50.0,70.2
9109643,purple,300.0,100.0,27.3
13382454,red,359.0,60.0,50.0
14342874,grey,0.0,0.0,85.5
14684328,pink,316.0,86.7,47.1
3281940,black,0.0,42.9,13.7
687756,cyan,186.0,86.7,29.4
1708304,black,5.0,23.8,8.2
15113018,brown,33.0,77.5,56.5
16774912,yellow,58.0,100.0,50.0
9935530,grey,231.0,10.1,62.9
14079702,grey,0.0,0.0,83.9
46809,blue,190.0,100.0,42.5
15547594,purple,312.0,83.1,58.2
6684774,purple,300.0,100.0,20.0
14471423,purple,255.0,100.0,90.8
16745935,pink,323.0,100.0,76.1
16445670,grey,30.0,66.7,94.1
14092882,red,339.0,91.1,44.1
16758465,pink,351.0,100.0,85.7
16490723,pink,316.0,91.9,80.6
156,blue,240.0,100.0,30.6
9568266,red,356.0,100.0,28.6
16753259,orange,22.0,100.0,71.0
12429608,brown,51.0,65.1,44.9
9392285,purple,289.0,32.5,46.5
9419919,green,120.0,25.1,64.9
1749893,green,123.0,74.6,40.2
9862070,purple,267.0,28.8,59.8
30654,blue,202.0,100.0,37.3
12656802,purple,312.0,71.6,44.1
9062,blue,219.0,100.0,20.0
14922032,brown,43.0,76.2,53.9
16768458,pink,22.0,100.0,89.6
16728140,red,356.0,100.0,62.5
45770,blue,187.0,100.0,39.6
13395558,brown,0.0,50.0,60.0
3878703,black,0.0,11.3,20.8
10438006,purple,327.0,39.5,44.7
15893760,orange,33.0,100.0,47.5
14794023,yellow,48.0,75.6,51.8
15964568,red,0.0,79.1,77.5
10591636,grey,41.0,6.5,60.6
11289363,brown,18.0,80.1,37.5
16698112,yellow,47.0,100.0,49.8
5898314,purple,311.0,100.0,17.6
16118767,grey,39.0,23.1,94.9
9717575,brown,0.0,35.2,42.9
1944790,blue,194.0,76.1,47.6
16709211,yellow,57.0,98.8,67.6
2438441,black,135.0,17.8,17.6
12599296,brown,20.0,100.0,37.6
14863050,brown,0.0,29.3,83.9
10632044,pink,331.0,46.6,43.3
16727860,red,3.0,100.0,60.2
6508871,grey,21.0,16.5,33.3
82977,green,149.0,97.1,13.5
5520695,grey,12.0,20.9,27.3
16114398,grey,10.0,53.5,91.6
3407820,cyan,165.0,100.0,60.0
7359065,grey,336.0,20.4,36.5
15765929,pink,345.0,76.0,75.5
15261838,grey,55.0,66.2,73.3
7643021,green,154.0,18.3,53.9
14527919,brown,357.0,41.4,77.3
1646405,black,232.0,46.8,18.4
16038863,pink,339.0,72.2,84.5
16734208,orange,21.0,100.0,50.0
13267721,brown,32.0,91.5,41.4
16750976,orange,12.0,100.0,75.1
15522224,brown,41.0,61.2,80.8
6751021,black,335.0,94.3,20.8
2386894,blue,215.0,70.2,47.5
16770244,brown,33.0,100.0,88.4
14500740,pink,335.0,69.4,56.5
9006137,brown,38.0,41.2,38.0
13613804,purple,265.0,56.8,82.7
11584734,blue,214.0,41.1,78.0
6736274,green,146.0,47.8,59.4
14876754,red,338.0,100.0,44.5
16751001,pink,0.0,100.0,80.0
13593513,pink,323.0,51.0,61.6
7356993,brown,1.0,26.6,34.7
15974714,yellow,43.0,88.5,59.0
10027101,purple,324.0,100.0,30.0
11814504,pink,341.0,44.0,49.0
15308410,brown,15.0,71.6,69.6
3295922,blue,229.0,56.1,44.7
9596763,brown,22.0,23.2,46.5
13436702,pink,353.0,93.4,41.6
66051,black,210.0,50.0,0.8
1770403,blue,249.0,96.4,32.5
9013876,grey,62.0,8.7,49.8
3194815,cyan,180.0,59.8,46.9
16773627,white,317.0,100.0,97.3
14996434,grey,3.0,25.0,85.9
11305345,brown,0.0,20.6,59.0
7691611,grey,4.0,12.5,40.8
16415586,orange,9.0,93.8,68.2
1780043,blue,222.0,47.1,20.0
15677753,red,0.0,85.0,58.0
8744269,brown,34.0,26.7,41.2
11776947,grey,0.0,0.0,70.2
12517631,purple,285.0,100.0,50.0
14886251,red,338.0,77.2,51.8
6950317,purple,275.0,86.0,36.5
12657,blue,214.0,100.0,22.2
13195849,brown,8.0,54.2,53.7
14570054,brown,4.0,69.7,57.3
12442199,green,73.0,63.9,59.8
16641536,yellow,56.0,100.0,49.6
14695473,red,4.0,73.8,53.5
13474201,brown,0.0,34.2,70.2
16531866,pink,331.0,96.9,62.2
16766976,yellow,51.0,100.0,50.0
15122058,orange,34.0,64.8,72.2
15794160,white,120.0,100.0,97.1
8421631,purple,240.0,100.0,75.1
5923927,grey,106.0,7.0,36.7
15488134,pink,340.0,80.0,62.7
12290435,brown,6.0,29.2,62.4
11618864,brown,12.0,57.3,44.1
3895437,blue,201.0,41.0,39.2
14859935,brown,27.0,53.6,75.5
15109330,pink,313.0,64.3,72.5
10463519,green,65.0,69.0,39.2
8174056,blue,206.0,70.1,69.8
13680869,purple,266.0,41.6,82.5
14591396,pink,1.0,46.8,75.7
6312156,purple,247.0,66.7,58.8
15131136,yellow,58.0,100.0,45.1
12689412,yellow,50.0,95.9,38.6
13737960,purple,281.0,61.3,76.7
14640102,purple,297.0,72.4,64.5
16469318,red,2.0,95.8,62.9
12870160,brown,27.0,84.9,41.6
12632256,grey,0.0,0.0,75.3
10052885,brown,36.0,75.9,34.1
13481968,purple,263.0,65.5,82.9
9208502,purple,281.0,26.3,61.2
15464183,grey,184.0,42.9,94.5
8238848,green,79.0,100.0,35.9
31672,blue,200.0,100.0,36.1
16224167,pink,346.0,86.7,76.5
6505035,grey,344.0,20.0,32.4
14972568,pink,341.0,67.1,67.8
11904578,grey,52.0,46.6,48.4
4949824,green,111.0,35.7,39.0
16746806,orange,24.0,100.0,60.6
16752777,pink,12.0,100.0,76.9
15574724,pink,334.0,66.4,79.0
16747625,orange,14.0,100.0,70.6
11065843,blue,201.0,75.8,80.6
13680376,purple,259.0,80.6,85.9
16604755,orange,3.0,97.7,65.9
4996400,black,27.0,22.6,24.3
16627968,orange,43.0,100.0,49.6
16742738,orange,13.0,100.0,66.1
10816350,purple,328.0,87.5,34.5
4720135,brown,359.0,84.6,15.3
16497604,pink,1.0,88.9,85.9
7286184,purple,272.0,57.7,41.8
6684672,brown,0.0,100.0,20.0
10027044,red,329.0,100.0,30.0
12680849,purple,343.0,35.1,62.5
15566637,brown,28.0,84.2,55.3
13226,blue,222.0,100.0,33.3
16181950,grey,47.0,75.7,85.5
7474072,purple,283.0,86.5,32.0
8990034,purple,336.0,50.5,35.7
0,black,0.0,0.0,0.0
9846143,purple,316.0,42.2,41.4
64154,green,157.0,100.0,49.0
78368,black,158.0,96.1,10.0
8080299,purple,270.0,39.0,48.2
13619151,grey,0.0,0.0,81.2
3959271,blue,224.0,78.1,57.1
13282256,purple,290.0,28.2,74.3
16764484,yellow,44.0,100.0,63.3
4128783,black,345.0,100.0,12.4
12845619,red,345.0,98.0,38.8
65343,green,135.0,100.0,50.0
16574,blue,220.0,100.0,37.3
15651330,yellow,53.0,98.3,47.1
16296669,pink,321.0,84.8,82.0
11699390,purple,288.0,30.9,63.1
16771537,brown,31.0,100.0,91.0
12285846,purple,332.0,33.3,60.0
13003559,brown,25.0,67.1,46.5
14592648,brown,24.0,56.6,70.2
14614783,purple,292.0,100.0,50.0
5976662,purple,307.0,29.1,27.6
8864063,brown,2.0,36.4,38.8
5319729,brown,351.0,29.6,24.5
16760576,orange,45.0,100.0,50.0
15179461,pink,315.0,60.3,76.3
16777011,yellow,60.0,100.0,60.0
5203562,grey,188.0,14.6,36.3
16775930,white,0.0,100.0,99.0
43758,blue,197.0,100.0,46.7
15396262,grey,63.0,66.4,79.0
15900331,pink,350.0,76.4,78.4
3844289,cyan,191.0,53.8,49.2
16734774,orange,11.0,100.0,60.6
11485237,brown,5.0,53.5,44.7
3499341,green,150.0,31.2,30.2
8938830,brown,23.0,27.1,42.0
6685244,purple,325.0,96.2,20.4
6979450,grey,165.0,9.0,45.7
15350867,pink,352.0,80.6,57.6
15951010,pink,333.0,85.6,67.3
7586555,blue,193.0,94.4,71.8
2203325,blue,192.0,70.3,43.5
11279940,red,343.0,70.3,39.6
13867494,purple,285.0,60.6,75.1
8421504,grey,0.0,0.0,50.2
16635313,brown,28.0,95.0,84.3
15788758,grey,46.0,46.4,89.0
12867157,brown,13.0,48.5,55.1
15990214,green,71.0,93.2,88.4
6750463,purple,264.0,100.0,50.0
3741698,black,24.0,93.2,11.6
12273263,pink,339.0,46.2,50.4
16679564,pink,355.0,98.4,75.3
7434350,grey,252.0,1.3,43.7
4014133,grey,76.0,9.4,22.9
10145074,green,80.0,60.8,50.0
16768261,yellow,51.0,100.0,51.0
9055202,purple,271.0,75.9,52.7
16767673,brown,28.0,100.0,86.3
14092883,pink,338.0,91.1,44.1
4544601,grey,183.0,12.7,31.0
9874341,grey,170.0,11.1,62.9
6684416,green,96.0,100.0,50.0
8404992,brown,30.0,100.0,25.1
15654018,yellow,50.0,76.1,72.2
8076090,brown,0.0,35.9,35.5
15266956,green,67.0,82.5,75.3
16768838,yellow,49.0,100.0,63.7
8545860,brown,33.0,31.3,38.8
16448,black,180.0,100.0,12.5
8900346,blue,203.0,92.0,75.5
13408512,brown,45.0,100.0,40.0
9143689,grey,320.0,2.5,53.3
6110028,brown,330.0,22.4,29.8
68371,black,207.0,90.0,3.9
3778446,green,166.0,49.1,43.9
11329967,green,123.0,46.9,77.8
2889224,black,23.0,69.2,10.2
16761636,yellow,43.0,100.0,57.1
2973089,blue,215.0,56.3,40.4
13058933,pink,337.0,54.1,52.2
13142629,brown,22.0,47.4,59.0
11514286,grey,99.0,1.9,68.8
15853448,yellow,54.0,78.9,73.9
16765696,yellow,50.0,100.0,50.0
6130862,blue,205.0,33.3,52.4
3964995,green,126.0,36.2,36.9
6404148,green,100.0,55.9,46.3
12088115,brown,29.0,56.6,46.1
16140938,pink,338.0,90.5,62.7
16761292,pink,349.0,100.0,87.8
15605837,pink,347.0,85.8,52.9
1668306,blue,210.0,78.7,46.1
1644912,blue,240.0,63.5,26.9
3152180,purple,291.0,35.1,15.1
15775693,pink,337.0,65.5,82.9
7829142,grey,242.0,13.2,52.5
2041386,black,201.0,15.1,14.3
16352485,pink,310.0,90.7,74.7
16030402,pink,333.0,80.4,78.0
28927,blue,214.0,100.0,50.0
5184,black,221.0,100.0,12.5
12960495,purple,244.0,58.4,84.9
13382539,pink,325.0,60.0,50.0
8444651,blue,189.0,72.8,71.2
37807,blue,190.0,100.0,34.3
7417910,brown,354.0,40.4,31.6
6687777,purple,346.0,78.9,22.4
11000030,blue,186.0,45.5,76.3
10338825,green,72.0,91.1,39.8
13458524,red,0.0,53.1,58.2
9297107,cyan,173.0,53.0,70.8
15526845,grey,59.0,55.3,83.3
12785385,purple,289.0,82.7,50.0
15841325,yellow,43.0,87.5,56.1
11940183,pink,343.0,57.6,45.3
16737477,pink,322.0,100.0,69.6
16316664,white,0.0,0.0,97.3
14439241,red,4.0,67.7,57.5
22079,green,164.0,100.0,16.9
14869982,grey,85.0,11.9,88.4
9286229,green,83.0,37.7,51.6
16711418,white,60.0,66.7,98.8
8957152,blue,215.0,58.7,70.6
14851282,purple,314.0,54.7,74.9
3881837,grey,240.0,29.8,32.9
2304811,black,180.0,10.3,15.3
4929057,brown,30.0,38.9,21.2
16746381,pink,357.0,100.0,76.5
13222075,grey,21.0,11.5,76.1
14060121,brown,24.0,60.4,59.4
10026904,green,120.0,100.0,79.8
7646431,blue,209.0,62.6,66.5
5396795,grey,73.0,20.3,29.0
16777009,yellow,60.0,100.0,59.6
8994629,purple,355.0,37.0,39.2
16743936,orange,30.0,100.0,50.0
10048955,purple,280.0,42.9,53.3
15073318,red,350.0,100.0,45.1
11220082,purple,329.0,53.4,43.7
14942328,pink,328.0,100.0,44.7
13249682,pink,321.0,64.2,48.2
1775633,black,42.0,22.7,8.6
9515557,brown,7.0,59.3,35.7
4740208,grey,222.0,21.7,36.1
7253665,green,166.0,28.3,55.7
7697781,grey,0.0,0.0,45.9
14276842,grey,243.0,30.0,88.2
12426006,yellow,47.0,79.1,41.4
16236478,pink,1.0,78.1,85.7
4403246,black,7.0,18.6,22.2
15794175,white,180.0,100.0,97.1
9872700,green,68.0,46.7,44.1
11748460,purple,338.0,44.9,48.4
16748975,pink,344.0,100.0,78.4
15542585,pink,355.0,84.5,54.5
9282457,grey,153.0,10.7,59.6
39805,green,168.0,100.0,30.4
2765881,grey,200.0,15.2,19.4
10583706,grey,312.0,15.7,56.3
8165547,blue,204.0,21.9,57.8
16764057,brown,30.0,100.0,80.0
14076637,purple,278.0,21.8,82.9
13467698,brown,30.0,60.8,50.0
16726408,pink,336.0,100.0,61.2
542078,blue,209.0,88.1,26.3
132957,black,236.0,95.8,18.6
4915330,purple,275.0,100.0,25.5
9647881,brown,20.0,88.5,30.6
16550316,pink,342.0,95.0,76.3
2142890,cyan,177.0,69.5,41.2
3937300,black,0.0,50.0,15.7
11316454,purple,240.0,53.7,78.8
52945,cyan,181.0,100.0,41.0
10058381,grey,324.0,13.2,53.9
5394492,grey,55.0,15.5,27.8
9364799,green,91.0,76.1,57.3
16335518,pink,330.0,93.8,61.8
7417638,brown,7.0,49.7,29.6
16440029,pink,354.0,76.2,91.8
5258844,purple,276.0,19.5,30.2
11529966,cyan,180.0,64.9,81.0
10658512,grey,240.0,32.9,72.5
8312038,blue,190.0,67.5,69.8
14876706,red,351.0,100.0,44.5
6186063,grey,77.0,11.7,35.1
15190441,brown,30.0,56.4,78.4
8912682,green,94.0,100.0,58.2
27452,green,154.0,100.0,21.0
6094695,green,124.0,100.0,68.0
16755229,orange,37.0,100.0,55.7
16766720,yellow,51.0,100.0,50.0
14728283,brown,43.0,68.2,61.8
11491646,brown,12.0,47.7,46.5
16770672,yellow,49.0,100.0,72.0
16750745,pink,359.0,100.0,79.8
31348,green,177.0,100.0,23.9
65485,cyan,168.0,100.0,50.0
6373457,grey,329.0,20.5,31.6
15284638,pink,325.0,80.0,56.9
13828159,pink,342.0,100.0,41.4
2764579,black,85.0,14.6,16.1
12108482,grey,180.0,7.6,74.1
3985520,green,141.0,61.2,52.5
14644223,purple,286.0,100.0,72.5
12144200,brown,3.0,44.7,50.4
5294200,green,140.0,52.2,54.9
3879977,grey,36.0,18.0,19.6
8825765,grey,170.0,18.0,59.8
3789250,cyan,174.0,62.3,52.2
11184557,grey,255.0,2.4,67.1
5246,blue,230.0,100.0,24.7
5204422,blue,227.0,51.1,54.3
13951643,green,72.0,55.0,74.7
5998896,green,91.0,48.1,36.3
11714229,grey,135.0,8.5,72.2
16352495,pink,310.0,90.7,74.7
9526403,purple,316.0,22.4,46.5
16049645,grey,328.0,40.5,92.7
13434624,green,72.0,100.0,50.0
9515560,brown,5.0,56.8,36.3
16190746,red,356.0,93.6,51.0
13384305,pink,337.0,58.9,51.4
13883502,grey,63.0,57.6,63.9
10457551,purple,254.0,39.2,69.0
26316,blue,210.0,100.0,40.0
15785090,yellow,49.0,78.6,72.5
16763137,yellow,47.0,100.0,50.2
11887901,brown,28.0,72.4,41.2
13331793,brown,14.0,54.0,55.7
13382451,red,0.0,60.0,50.0
2452859,blue,190.0,53.8,31.4
14585678,brown,27.0,68.6,58.8
16502449,brown,24.0,90.2,83.9
16501991,pink,326.0,85.5,89.2
11887191,brown,7.0,38.8,52.5
7570038,grey,132.0,6.1,48.0
16758725,pink,348.0,100.0,85.9
13844893,pink,322.0,62.4,54.1
14096488,pink,335.0,79.9,46.9
4791868,purple,318.0,41.7,20.2
16246734,grey,37.0,71.9,88.8
16770790,pink,0.0,100.0,95.1
10938367,blue,196.0,100.0,82.5
7350627,purple,311.0,46.4,30.0
13952582,green,67.0,76.2,58.8
14577825,pink,333.0,62.5,65.5
11221023,brown,10.0,69.3,39.6
6494208,brown,15.0,100.0,19.4
3026312,blue,241.0,50.3,35.5
9076621,grey,287.0,5.8,52.5
3381759,blue,210.0,100.0,60.0
9260677,purple,308.0,28.8,42.9
7347228,brown,0.0,60.0,27.5
15089250,pink,347.0,77.1,57.3
11604821,pink,335.0,80.6,38.4
16775399,white,43.0,100.0,95.3
16775675,white,324.0,100.0,98.8
16584245,pink,350.0,98.4,52.4
14294401,pink,328.0,76.5,48.4
4639512,green,104.0,78.9,44.5
1836467,purple,248.0,94.6,36.1
1848621,green,161.0,30.9,15.9
11244211,purple,285.0,17.8,63.7
9141562,brown,50.0,41.1,38.6
16768214,pink,9.0,100.0,92.0
11009024,green,80.0,100.0,49.4
16758683,brown,28.0,100.0,80.4
7119068,blue,212.0,61.5,64.3
13013770,brown,44.0,90.4,40.8
15262921,grey,52.0,40.3,84.9
9006963,grey,351.0,10.5,48.6
7216180,purple,342.0,59.4,27.1
14267921,yellow,49.0,85.5,45.9
12189697,red,359.0,100.0,36.5
7833753,grey,210.0,14.3,53.3
13457152,brown,25.0,100.0,40.2
16933,black,154.0,100.0,12.9
5288,blue,233.0,100.0,32.9
983834,black,271.0,79.3,5.7
659861,blue,237.0,87.4,31.2
16119260,white,60.0,55.6,91.2
11940204,pink,333.0,57.6,45.3
9205843,brown,39.0,25.6,43.7
16436426,pink,3.0,82.8,88.6
6701608,brown,25.0,43.7,27.8
16412281,pink,355.0,93.3,70.6
7274751,purple,266.0,100.0,50.0
13693120,green,100.0,61.5,84.7
5651469,brown,38.0,73.7,19.4
5061436,grey,356.0,13.2,26.7
16777215,white,0.0,0.0,100.0
16251543,yellow,62.0,90.8,78.6
5912633,grey,358.0,23.3,28.6
5843244,brown,356.0,36.9,25.5
16247182,yellow,51.0,86.8,76.3
15720141,brown,30.0,51.5,87.1
173267,blue,193.0,98.1,41.8
12566978,grey,200.0,2.4,75.5
5318792,purple,266.0,54.5,34.5
10053222,brown,0.0,20.0,50.0
11430200,brown,25.0,51.3,45.1
16755341,pink,15.0,100.0,77.6
14886454,red,355.0,77.1,52.0
8438167,green,141.0,34.4,62.9
16711855,pink,319.0,100.0,50.0
19273,green,178.0,100.0,14.7
2049928,blue,217.0,62.9,32.7
9138878,purple,260.0,36.9,59.6
9320821,purple,318.0,42.7,39.0
16474239,pink,348.0,95.1,68.0
11503246,grey,348.0,20.4,60.6
11121347,grey,219.0,17.8,71.4
16041008,yellow,45.0,89.9,57.3
12329808,pink,342.0,68.6,43.7
5194421,purple,247.0,46.6,48.4
13508649,red,354.0,73.1,46.7
11341858,red,353.0,83.1,37.1
16763955,yellow,45.0,100.0,60.0
9109708,purple,281.0,100.0,40.0
14541908,grey,63.0,72.7,61.2
11053485,grey,228.0,3.0,66.9
11557970,brown,6.0,37.3,50.6
13106944,green,73.0,100.0,50.0
16219904,orange,30.0,100.0,48.4
16726016,red,13.0,100.0,50.0
15631086,purple,300.0,76.1,72.2
16603136,orange,20.0,100.0,49.6
13665934,purple,354.0,44.0,67.1
3817531,grey,130.0,4.9,23.9
8077056,brown,31.0,100.0,24.1
3556687,grey,204.0,18.8,26.1
3453748,green,120.0,55.0,45.3
6708510,grey,53.0,54.5,25.9
7353922,brown,348.0,34.9,32.5
16770253,brown,27.0,100.0,90.2
16711804,pink,331.0,100.0,50.0
16113744,yellow,52.0,89.2,63.7
1753565,blue,188.0,78.9,48.4
3555649,grey,180.0,9.2,23.3
16143270,pink,329.0,90.1,64.5
58266,green,161.0,100.0,44.5
16735437,pink,318.0,100.0,68.0
13345480,purple,300.0,28.3,71.6
8479036,brown,32.0,36.5,37.1
13369548,purple,300.0,100.0,40.0
8388608,red,0.0,100.0,25.1
11231540,brown,22.0,53.4,43.7
12852794,red,350.0,73.5,44.3
4875372,grey,194.0,18.7,35.7
9031664,blue,199.0,77.4,73.9
9861302,purple,269.0,29.8,59.2
16756290,orange,34.0,100.0,62.9
16745027,orange,20.0,100.0,63.1
8612179,brown,27.0,22.4,42.0
9922104,brown,29.0,45.9,40.6
16693933,pink,10.0,97.6,83.7
13754761,green,77.0,59.5,71.0
15597311,white,183.0,100.0,96.5
16729729,pink,340.0,100.0,63.7
7855479,green,120.0,60.0,66.7
5755392,green,95.0,100.0,41.2
2367780,black,300.0,4.3,13.5
12146516,brown,1.0,41.9,52.7
9498256,green,120.0,73.4,74.9
2966582,grey,143.0,20.4,22.2
13362135,green,153.0,30.0,84.3
13518454,pink,339.0,58.1,54.1
5083052,blue,198.0,38.2,48.8
16636781,yellow,45.0,97.3,71.0
25666,green,159.0,100.0,19.6
3711786,green,113.0,59.0,40.2
5930178,blue,220.0,46.0,55.7
13073907,purple,278.0,83.1,72.2
9123117,brown,5.0,51.1,36.1
40544,green,156.0,100.0,31.0
12090219,brown,12.0,35.2,57.1
11672348,red,360.0,73.7,40.2
15788177,yellow,55.0,76.0,75.5
13804896,brown,36.0,55.9,60.0
3559828,blue,222.0,46.5,39.6
14789889,yellow,46.0,99.1,44.3
6723993,cyan,180.0,20.0,50.0
31655,blue,196.0,100.0,32.7
13229191,green,73.0,54.8,69.6
12600463,pink,324.0,49.6,51.0
1878473,blue,191.0,75.5,44.9
7356948,brown,30.0,69.7,25.9
10721204,grey,265.0,16.2,64.9
8934411,brown,35.0,85.0,28.8
949345,green,165.0,79.7,27.1
11083838,red,347.0,68.2,39.4
43120,green,160.0,100.0,32.9
15064643,yellow,57.0,75.7,58.0
16443130,purple,300.0,66.7,94.1
15896092,brown,31.0,89.2,52.9
6769735,brown,40.0,18.4,34.1
8857175,purple,330.0,56.1,33.9
9596590,purple,274.0,28.3,55.7
7699829,grey,120.0,3.3,47.5
14992085,purple,326.0,38.6,82.7
11875,blue,212.0,100.0,19.4
1590587,green,167.0,48.4,18.2
15657130,yellow,55.0,66.7,80.0
16725342,pink,348.0,100.0,60.4
16733001,orange,3.0,100.0,64.3
4286197,blue,228.0,90.0,60.8
11704064,brown,50.0,100.0,34.9
11468842,red,345.0,100.0,34.3
8532058,purple,329.0,46.1,34.9
11452070,grey,150.0,15.6,69.8
12098525,purple,266.0,49.3,73.7
6969191,grey,309.0,9.8,37.8
16448055,yellow,60.0,95.1,59.8
12889773,grey,3.0,16.3,72.4
16443317,brown,43.0,87.3,84.5
13459582,pink,343.0,52.2,59.0
14381203,pink,340.0,59.8,64.9
12336970,brown,355.0,49.8,49.2
12027687,brown,40.0,64.9,43.5
9197881,brown,23.0,42.1,38.6
14245947,brown,14.0,67.5,54.1
8746318,grey,43.0,26.1,41.4
16711743,red,345.0,100.0,50.0
9215094,grey,85.0,16.1,53.7
16711202,yellow,60.0,99.1,56.5
13359202,green,66.0,60.2,61.6
14756908,red,0.0,75.1,52.7
3504823,blue,208.0,55.1,46.3
16646133,white,71.0,100.0,98.0
3800852,green,111.0,100.0,53.9
11584074,green,69.0,49.6,52.5
16769794,yellow,53.0,100.0,50.4
6266528,cyan,182.0,25.5,50.0
1713185,black,162.0,16.1,12.2
9109504,red,0.0,100.0,27.3
16763867,pink,350.0,100.0,89.8
25600,grey,120.0,100.0,19.6
3281530,purple,258.0,74.3,27.5
13186902,red,347.0,57.5,50.2
15106916,brown,14.0,72.2,64.7
10428236,purple,339.0,67.4,37.3
15376929,brown,39.0,82.7,52.4
4734002,black,27.0,18.0,23.9
9684338,green,119.0,41.7,61.0
15333103,green,147.0,41.9,93.9
15473700,red,357.0,84.6,51.8
16777062,yellow,60.0,100.0,70.0
12564645,grey,44.0,16.9,69.8
14845439,purple,286.0,100.0,76.1
10450018,brown,18.0,24.1,50.4
4292033,blue,207.0,50.8,50.6
16711767,red,340.0,100.0,50.0
16741688,orange,18.0,100.0,61.0
16356217,orange,5.0,91.4,72.5
6136979,green,166.0,28.1,50.4
16121855,white,180.0,100.0,98.0
16772045,brown,36.0,100.0,90.2
13369599,purple,288.0,100.0,50.0
6111082,purple,281.0,25.4,33.1
15457243,brown,0.0,28.6,89.0
15266382,grey,64.0,86.3,62.7
6701137,grey,329.0,22.9,32.5
6644309,grey,48.0,8.6,36.5
5259328,grey,311.0,11.1,28.2
8158272,grey,60.0,31.9,36.9
2832179,grey,160.0,12.2,19.2
433025,green,170.0,92.5,31.6
16640501,pink,324.0,83.3,95.3
5028631,green,101.0,78.1,41.2
13391104,brown,25.0,100.0,40.0
10027008,red,0.0,100.0,30.0
12759680,brown,45.0,35.1,63.1
6908265,grey,0.0,0.0,41.2
16542853,pink,350.0,96.0,70.6
12687979,brown,33.0,41.0,58.8
7061027,green,80.0,68.9,44.1
6109524,grey,315.0,24.0,29.4
12291242,purple,322.0,25.7,64.1
14715422,brown,33.0,76.4,49.8
15789821,purple,284.0,78.9,96.3
10299699,brown,355.0,58.6,38.8
10842468,brown,12.0,26.5,52.0
16510045,yellow,54.0,95.2,67.5
17290,blue,211.0,100.0,27.1
11366249,brown,5.0,29.3,54.5
6684825,purple,280.0,100.0,30.0
16643558,grey,39.0,85.2,94.7
14375531,pink,352.0,64.2,60.6
2656200,blue,204.0,66.7,47.1
16768685,brown,36.0,100.0,83.9
3473462,black,299.0,100.0,10.6
11041952,purple,310.0,20.2,57.3
15834299,pink,338.0,75.2,77.8
6170660,brown,4.0,44.6,25.5
10107197,brown,358.0,46.0,41.4
13631584,pink,332.0,100.0,40.8
3394560,green,105.0,100.0,40.0
14796739,grey,8.0,33.3,82.4
56996,cyan,164.0,100.0,43.5
3191322,green,112.0,74.5,40.0
16564736,yellow,46.0,100.0,49.4
6182213,grey,38.0,15.3,32.0
10582644,brown,8.0,19.3,54.3
16737052,orange,18.0,100.0,55.5
6268791,green,140.0,29.0,51.4
8281696,grey,356.0,14.5,43.1
3321185,green,142.0,55.2,43.7
50147,blue,188.0,100.0,44.5
10890283,red,0.0,58.9,41.0
13387595,orange,358.0,56.6,53.9
16763004,brown,34.0,100.0,74.3
14329120,brown,43.0,74.4,49.0
11216719,pink,342.0,62.9,41.2
11604518,red,352.0,81.5,38.2
9212588,grey,229.0,16.2,61.2
6749952,green,96.0,100.0,50.0
12433259,grey,56.0,38.3,58.0
11171949,brown,11.0,26.4,54.7
12782414,pink,338.0,89.3,40.4
6704484,grey,305.0,14.0,35.1
10427701,brown,357.0,69.1,36.9
10358336,red,339.0,83.7,33.7
10259108,grey,281.0,12.5,59.2
6613382,green,135.0,75.1,65.3
14780209,brown,29.0,74.6,53.7
11123357,grey,95.0,17.4,67.3
12789547,red,358.0,66.7,45.9
10255416,brown,41.0,47.2,41.6
12783674,red,346.0,84.8,41.4
57041,cyan,181.0,100.0,43.5
14417912,green,168.0,100.0,92.9
1002898,blue,212.0,81.4,31.6
14572931,red,342.0,66.2,61.8
16119293,grey,240.0,66.7,97.6
13123401,red,355.0,55.5,51.6
27028,blue,197.0,100.0,29.0
16726101,pink,351.0,100.0,61.0
9662683,purple,260.0,59.8,64.9
6575186,grey,6.0,9.9,35.7
7090306,purple,284.0,46.1,34.9
5289736,green,95.0,91.6,37.5
10162462,red,354.0,80.2,33.7
4936480,grey,69.0,44.3,22.5
8459347,purple,325.0,73.2,29.2
13639824,pink,322.0,73.3,47.1
14053228,brown,2.0,56.4,63.1
16729190,pink,349.0,100.0,63.3
15761246,orange,13.0,83.0,65.5
9578276,brown,2.0,60.4,35.7
18618,blue,217.0,100.0,36.5
5016565,blue,217.0,89.4,62.9
7557014,purple,270.0,31.0,44.9
16775405,white,37.0,100.0,96.5
15066338,grey,40.0,5.5,89.2
9699539,purple,282.0,100.0,41.4
15370408,pink,340.0,70.0,72.5
12484433,brown,25.0,45.6,53.1
30046,green,168.0,100.0,22.9
10040012,purple,280.0,60.6,49.8
14684511,pink,337.0,85.9,47.3
14532291,grey,350.0,31.3,80.6
8943722,grey,28.0,12.4,47.5
9686250,blue,201.0,67.4,74.7
12058697,red,336.0,100.0,36.1
12441409,green,70.0,65.2,54.9
15474993,pink,355.0,84.2,52.7
16761677,orange,39.0,100.0,65.1
13923284,purple,300.0,53.0,64.1
14790045,brown,14.0,53.1,74.9
7799039,purple,268.0,100.0,50.0
1004218,blue,216.0,85.1,39.4
15179716,pink,329.0,60.0,76.5
9323909,purple,307.0,34.6,41.4
4669229,grey,41.0,22.4,22.7
16761035,pink,350.0,100.0,87.6
10106475,purple,328.0,48.1,40.8
6697728,brown,30.0,100.0,20.0
14201553,purple,315.0,32.8,77.3
9395865,purple,290.0,23.9,48.4
7802629,brown,5.0,91.9,24.3
139,blue,240.0,100.0,27.3
13922466,pink,330.0,53.8,63.5
2975940,blue,207.0,62.7,47.3
13570080,red,355.0,85.7,43.7
13345077,brown,43.0,59.1,50.2
14315734,purple,302.0,58.9,64.7
11889760,brown,8.0,36.5,54.3
39285,green,166.0,100.0,30.0
15702799,orange,38.0,88.2,49.8
16656546,pink,326.0,99.1,57.6
9057060,brown,9.0,58.6,34.1
16752762,brown,17.0,100.0,73.9
16768768,yellow,52.0,100.0,50.0
15850959,grey,25.0,54.8,87.8
15420482,red,4.0,80.9,59.0
6768710,brown,9.0,19.1,33.9
12566380,grey,60.0,39.3,58.6
2061822,blue,217.0,99.1,55.9
4720214,purple,290.0,87.0,18.0
4398163,purple,282.0,49.5,21.8
10244534,purple,285.0,40.9,51.6
14782102,pink,354.0,58.0,72.0
6527631,green,168.0,21.7,49.6
6684855,purple,273.0,100.0,35.9
13013959,purple,299.0,31.7,67.8
15662875,yellow,64.0,100.0,55.3
4010589,purple,255.0,30.1,28.0
15591126,grey,41.0,39.0,88.4
8519680,red,0.0,100.0,25.5
6754085,purple,345.0,74.6,23.1
16569959,yellow,45.0,96.1,69.6
10057910,purple,269.0,29.8,59.2
5071980,grey,195.0,16.8,36.3
11099240,purple,351.0,30.9,51.2
5132672,blue,236.0,24.3,40.4
16764913,pink,317.0,100.0,90.6
3248503,green,164.0,49.5,38.0
13389372,brown,353.0,58.5,51.8
7028640,purple,267.0,43.5,43.7
10780048,purple,331.0,17.6,56.7
14789921,brown,43.0,76.2,50.6
13025974,grey,44.0,12.3,74.5
4278860,grey,190.0,7.8,27.6
6045747,brown,19.0,28.7,28.0
16757504,orange,42.0,100.0,50.0
3037332,blue,215.0,52.6,38.0
2183110,blue,223.0,71.4,45.3
16309886,yellow,47.0,89.7,73.3
3842497,blue,194.0,53.8,49.2
7349872,purple,300.0,49.3,29.4
6730823,green,102.0,43.4,49.2
1204608,blue,197.0,75.3,28.6
18060,blue,210.0,100.0,27.5
4418453,blue,211.0,38.0,42.4
11319528,blue,228.0,56.6,79.2
11534409,red,335.0,100.0,34.5
128,blue,240.0,100.0,25.1
9925045,purple,274.0,31.5,57.6
10208482,blue,205.0,55.0,74.7
9076608,grey,355.0,4.5,52.0
16369867,pink,356.0,80.3,88.0
5053055,purple,270.0,66.0,30.0
7182969,green,136.0,18.2,51.6
14077563,grey,55.0,52.6,66.1
15459324,purple,259.0,80.6,93.9
11442346,grey,311.0,12.0,63.9
12061923,purple,288.0,90.0,46.9
65519,cyan,176.0,100.0,50.0
10731949,grey,140.0,19.5,69.8
14407634,grey,33.0,11.1,84.1
10420479,purple,277.0,100.0,50.0
11941051,purple,298.0,56.5,46.9
7747920,purple,325.0,34.9,34.3
12332329,red,1.0,64.2,44.9
3028782,grey,120.0,8.9,19.8
15386002,brown,35.0,67.7,74.5
13754929,green,66.0,75.3,53.9
4286945,blue,225.0,72.7,56.9
15839964,pink,321.0,69.2,82.2
3497531,green,129.0,27.9,28.8
15423805,orange,9.0,81.3,58.0
15112550,brown,24.0,71.9,65.1
14084427,green,67.0,78.2,60.4
11704196,brown,25.0,23.0,60.8
11667229,red,352.0,92.4,36.3
353800,green,121.0,90.7,21.0
9609679,blue,225.0,38.9,69.2
15335384,green,97.0,100.0,92.4
6970061,purple,248.0,53.5,57.8
6699092,purple,323.0,29.1,31.0
12788560,red,343.0,69.6,45.1
7433744,grey,58.0,75.2,25.3
5322323,purple,296.0,21.2,26.9
9849600,brown,30.0,100.0,29.4
16707425,yellow,54.0,98.7,68.8
9588349,purple,319.0,30.4,43.9
16163988,pink,9.0,84.5,77.3
11891329,grey,347.0,31.2,57.8
14221388,red,339.0,100.0,42.5
11180201,grey,303.0,9.6,63.1
16737792,orange,24.0,100.0,50.0
8406555,brown,26.0,65.2,30.4
12325886,purple,283.0,99.2,53.5
16741656,orange,24.0,100.0,54.7
2304378,blue,236.0,55.4,30.8
98923,green,169.0,98.5,25.7
6649524,blue,227.0,34.5,55.1
16760025,pink,334.0,100.0,86.9
1354121,green,167.0,78.8,37.1
2068205,blue,207.0,85.1,52.5
16040642,pink,0.0,69.4,85.9
15752056,pink,337.0,83.2,64.9
3200456,cyan,175.0,66.3,51.2
16768959,brown,30.0,100.0,87.5
8212013,brown,24.0,47.1,33.3
16748964,pink,350.0,100.0,78.4
15915312,yellow,52.0,88.2,56.9
7688792,grey,353.0,17.6,39.0
15786288,yellow,55.0,86.5,56.5
3978097,green,147.0,49.8,46.9
12572723,green,69.0,67.9,52.4
16738335,orange,20.0,100.0,56.1
11394989,green,120.0,43.9,77.6
10804717,blue,193.0,67.0,78.6
11887902,brown,28.0,71.6,41.4
15921786,yellow,60.0,82.2,71.4
11068576,green,113.0,55.7,76.1
16728996,pink,329.0,100.0,63.1
12729122,red,9.0,70.2,44.7
16674654,pink,6.0,98.8,68.2
9864172,purple,251.0,73.4,72.0
16701533,yellow,46.0,98.8,68.0
11779298,blue,229.0,44.8,79.4
2730887,green,163.0,61.3,41.6
6750054,green,120.0,100.0,70.0
14209269,purple,253.0,64.9,88.8
16390798,pink,328.0,95.7,54.1
13571115,pink,352.0,82.4,44.5
6776679,grey,0.0,0.0,40.4
16705024,yellow,54.0,100.0,49.8
2507403,blue,223.0,57.1,34.7
10402260,blue,210.0,38.6,72.5
14101852,pink,343.0,68.0,51.0
6139372,blue,206.0,79.0,64.5
16767721,pink,336.0,100.0,92.7
5843743,brown,12.0,48.3,23.5
14879581,pink,337.0,90.8,46.7
12818771,brown,38.0,48.3,54.5
11454159,grey,196.0,25.6,74.7
14255765,pink,349.0,52.2,68.8
16084897,pink,338.0,87.0,69.8
9660672,brown,42.0,100.0,28.8
15132410,purple,240.0,66.7,94.1
5153978,blue,192.0,43.9,51.8
13271727,pink,323.0,40.4,65.1
16766362,brown,35.0,100.0,80.2
14311758,brown,8.0,65.4,58.0
9982094,purple,308.0,31.0,45.5
8107617,green,102.0,36.8,54.7
15481731,pink,336.0,82.3,57.8
34115,green,150.0,100.0,26.1
13408614,brown,29.0,50.0,60.0
16445630,brown,50.0,85.7,86.3
16718637,red,355.0,100.0,55.3
8394776,red,0.0,68.4,29.8
6511186,grey,28.0,9.4,35.5
3242099,green,176.0,42.0,33.1
9125699,brown,357.0,37.6,39.6
6729778,green,95.0,55.8,44.3
6261387,grey,181.0,18.8,45.9
3977,blue,233.0,100.0,26.9
16703232,yellow,53.0,100.0,49.8
11141375,purple,280.0,100.0,50.0
8129026,brown,4.0,96.8,24.7
11553898,pink,342.0,39.7,49.4
2773694,blue,224.0,63.8,45.5
11497037,brown,20.0,38.9,49.4
11591910,blue,187.0,51.9,79.6
16742912,orange,29.0,100.0,50.0
13404313,purple,345.0,40.0,66.7
6895004,purple,270.0,49.3,41.0
37200,green,153.0,100.0,28.4
4815211,green,163.0,24.7,38.0
31397,blue,196.0,100.0,32.4
13295629,green,66.0,89.0,46.5
